CODE,Event,Category,Title,Pack Folder,Image,Gender,Model Sex,Level,Equipment,Keywords
FS4,Floor,Dive Roll,Drive Roll,Demo2,1.png,N,M,"AB, I","8 incher, Soft Mat","Dive Roll, Punch"
ER1,Floor,Endo Roll,Endo Roll on Mat,Demo2,2.png,N,M,I A,Panel Mat,"Forward Roll, Endo, Straddle, Press, Presshandstand, Stalder, Cast Handstand"
H10A,Floor,Press,Straddle Press Drill,Demo2,3.png,N,M,I A,Panel Mat/Resi,"Straddle, Press, Presshandstand, Stalder, Cast Handstand"
H8,Floor,Handstand,Handstand Forward Roll,Demo2,4.png,N,M,AB I,Floor,"Handstand, Forward Roll, "
RO8,Floor,Round Off,Round Off Jump Back to Hollow,Demo2,5.png,N,M,I A,"8 incher, Soft Mat","Round off, Backhandspring, Rebound, Hollow"
RO4,Floor,Round Off,Cartwheel Step In,Demo2,6.png,N,M,AB I,Panel Mat,"Cartwheel, Round off, "
PH13,Pommel Horse,Pommel Horse,Around the Worlds,Demo2,7.png,M,M,I A,Pommel Horse without handles,"Shoulder Strength, Pommel Horse"
PH3,Pommel Horse,Mushroom,Jump Through Circles,Demo2,8.png,M,M,AB I,Mushroom,"Mushroom, Circles, 1/4 turns"
R17,Rings,Rings,L Support Drill,Demo2,9.png,M,M,AB I ,"Rings, Block, Soft Mat","Rings, Support, L, Pike"
R8,Rings,Rings,German Hang,Demo2,10.png,M,M,I A,"Tall Rings, Block, Soft Mat","Rings, Shoulder Flexibility, Hang"
V3C,Vault,Vault,Squat on Vault,Demo2,11.png,N,M,"B, AB, I","Spring Board, Vault Table/Trainer","Run, Punch, Chest up, Squat, Table, Trainer"
V5,Vault,Forward Salto,Forward Salto,Demo2,12.png,N,M,"I, A","Tramp Board, Small Resi/PitPillow/8 incher","Forward Salto, Punch, Tuck, Stick"
PB5A,Parallel Bars,Pbars,Support Swings with Resistance Front,Demo2,13.png,M,M,"I, A","Parallel Bars, Atheletic Band","Hollow, Support Position, Swings"
PB22,Parallel Bars,Pbars,Tuck to Candle Hang,Demo2,14.png,N,M,"AB, I",Parallel Bars,"Hang, Tuck, Candle"
HB8,Horizontal Bar,Horizontal Bar,Cast,Demo2,15.png,N,M,"B, AB",Low Bar,"Cast, Hollow"
HB20,Horizontal Bar,Horizontal Bar,Dead Cow,Demo2,16.png,N,M,"I, A","Low Bar/High Bar, Pit Pillow/Pit/Wedge","Swings, Tucks, Dismount"